GCF_016894385.1_ASM1689438v1_genomic	GCF_003260185.2_ASM326018v2_genomic	GCF_019931045.1_ASM1993104v1_genomic	GCF_016127575.1_ASM1612757v1_genomic	GCF_002944765.1_ASM294476v1_genomic	GCF_009730455.1_ASM973045v1_genomic	GCF_000196015.1_ASM19601v1_genomic	GCF_008801925.2_ASM880192v2_genomic	GCF_008693385.1_ASM869338v1_genomic	GCF_001854325.1_ASM185432v1_genomic	GCF_004768545.1_ASM476854v1_genomic	GCF_001854285.1_ASM185428v1_genomic	GCF_013347325.1_ASM1334732v1_genomic	GCF_020149505.1_ASM2014950v1_genomic	GCF_018223725.1_ASM1822372v1_genomic	GCF_021474185.1_ASM2147418v1_genomic	GCF_008807855.1_ASM880785v1_genomic	GCF_003854935.1_ASM385493v1_genomic	GCF_019602855.1_ASM1960285v1_genomic	GCF_016894365.1_ASM1689436v1_genomic	GCF_002011925.2_ASM201192v2_genomic	GCF_008271425.1_ASM827142v1_genomic	GCF_000219215.1_ASM21921v1_genomic	GCF_018672515.1_ASM1867251v1_genomic	GCF_016757775.1_ASM1675777v1_genomic	GCF_001281465.1_ASM128146v1_genomic	GCF_018729255.1_ASM1872925v1_genomic	GCF_020618415.1_ASM2061841v1_genomic	GCF_004798725.1_ASM479872v1_genomic	GCF_000832305.1_ASM83230v1_genomic	GCF_000009285.1_ASM928v2_genomic	GCF_001854305.1_ASM185430v1_genomic	GCF_022406855.1_ASM2240685v1_genomic
100.0	82.465042	82.65406	88.848351	82.485931	82.491287	82.524307	83.273407	82.713745	83.8022	93.999313	83.813889	83.74855	82.472855	88.540718	82.467239	98.911057	84.290115	84.672302	99.998596	88.343307	83.864418	88.615089	82.345421	88.566505	83.797363	83.996994	88.949707	88.76535	83.331177	88.773193	83.802094	88.90963
82.465042	100.0	84.196716	82.617256	97.949524	97.442917	97.443306	81.655151	82.495857	81.632004	82.633453	81.60466	82.017868	97.453094	82.497849	97.456139	82.660126	85.527451	82.268463	82.506165	82.506653	84.58905	82.464264	99.734749	82.502197	81.965591	85.330017	82.718658	82.628609	81.215088	82.61615	82.235062	82.508148
82.65406	84.196716	100.0	82.521187	84.332321	84.337448	84.302933	81.47406	82.228821	81.490028	82.540329	81.48481	82.27784	83.557426	82.32399	83.544205	82.760353	85.54361	82.084946	82.64698	82.482536	83.942223	82.371078	83.603943	82.472778	82.015465	85.578766	82.906265	82.494217	81.220001	82.488312	81.836258	82.482971
88.848351	82.617256	82.521187	100.0	82.6511	82.437943	82.41581	83.419006	82.542145	83.8741	88.611198	83.813431	83.668167	82.528488	94.961884	82.544777	88.76059	84.240402	84.424728	88.845093	91.6642	83.885139	95.234116	82.58493	95.100525	83.668785	83.767548	90.207771	99.998077	83.53244	99.995369	83.797409	89.813675
82.485931	97.949524	84.332321	82.6511	100.0	98.723412	98.725311	81.943939	82.45031	81.619446	82.569939	81.628052	82.092331	98.7882	82.452728	98.785934	82.680771	85.047401	82.173737	82.455841	82.613174	84.458466	82.42189	98.094742	82.486267	81.932083	85.587906	82.738419	82.564919	81.252563	82.563629	82.410385	82.450851
82.491287	97.442917	84.337448	82.437943	98.723412	100.0	99.998703	81.867432	82.375336	81.553665	82.347664	81.501068	82.044502	99.075287	82.411621	99.082565	82.597885	85.037682	82.179085	82.404327	82.479309	84.338211	82.527435	97.54631	82.444427	81.873924	85.329453	82.67614	82.414261	81.261002	82.442162	82.105026	82.41655
82.524307	97.443306	84.302933	82.41581	98.725311	99.998703	100.0	81.858627	82.407776	81.513657	82.410477	81.557259	82.060669	99.078262	82.381973	99.080795	82.587662	85.075745	82.116531	82.456985	82.380859	84.370834	82.475281	97.542877	82.452911	81.86084	85.390076	82.603592	82.429871	81.337212	82.442581	82.136444	82.406517
83.273407	81.655151	81.47406	83.419006	81.943939	81.867432	81.858627	100.0	81.072205	82.801956	83.327003	82.791153	82.431992	81.241257	83.461899	81.225456	83.383301	82.685165	82.098816	83.288559	83.837212	82.759018	83.427734	81.256134	83.410156	82.367409	82.494827	83.661522	83.483757	95.194496	83.488556	83.056854	83.223267
82.713745	82.495857	82.228821	82.542145	82.45031	82.375336	82.407776	81.072205	100.0	81.352036	82.516998	81.384506	81.997009	82.476257	82.272499	82.488831	82.632996	83.496155	82.257637	82.763573	82.477119	83.221329	82.33609	82.515656	82.377502	82.179741	83.161469	82.840347	82.53949	81.148933	82.539635	81.355682	82.452049
83.8022	81.632004	81.490028	83.8741	81.619446	81.553665	81.513657	82.801956	81.352036	100.0	83.711624	99.374657	82.959824	81.579361	83.770775	81.553802	83.877548	82.778198	82.308006	83.876678	83.754288	82.567818	83.719551	81.598755	83.612625	82.883453	82.354027	84.064316	83.892578	82.750641	83.907578	99.292542	83.869568
93.999313	82.633453	82.540329	88.611198	82.569939	82.347664	82.410477	83.327003	82.516998	83.711624	100.0	83.680481	83.695572	82.390114	88.32412	82.418007	93.969177	84.042999	84.409706	94.010849	88.077339	83.635208	88.282928	82.478668	88.341705	83.728882	83.703438	88.790215	88.58252	83.21727	88.600067	83.694038	88.735085
83.813889	81.60466	81.48481	83.813431	81.628052	81.501068	81.557259	82.791153	81.384506	99.374657	83.680481	100.0	82.962929	81.614388	83.61232	81.585197	83.889923	82.719368	82.389572	83.893852	83.701172	82.574722	83.6241	81.553871	83.570679	82.864029	82.352234	83.998688	83.807549	82.834099	83.827774	99.22084	83.856377
83.74855	82.017868	82.27784	83.668167	82.092331	82.044502	82.060669	82.431992	81.997009	82.959824	83.695572	82.962929	100.0	81.781929	83.594437	81.805054	84.168472	83.103378	82.481636	83.818878	83.486633	83.149445	83.60067	81.822449	83.499588	98.703415	82.637085	84.63253	83.692787	82.253036	83.72908	83.020996	83.954681
82.472855	97.453094	83.557426	82.528488	98.7882	99.075287	99.078262	81.241257	82.476257	81.579361	82.390114	81.614388	81.781929	100.0	82.522812	99.99736	82.449341	84.62738	82.15477	82.441635	82.486763	83.881454	82.507095	97.548904	82.493126	81.774567	84.74469	82.576042	82.539597	81.264786	82.548447	81.566528	82.403687
88.540718	82.497849	82.32399	94.961884	82.452728	82.411621	82.381973	83.461899	82.272499	83.770775	88.32412	83.61232	83.594437	82.522812	100.0	82.45282	88.427422	84.061501	84.393921	88.531677	91.709122	83.718994	98.840805	82.442589	96.087036	83.637451	83.687019	89.954346	94.990082	83.357712	94.997169	83.552673	89.624268
82.467239	97.456139	83.544205	82.544777	98.785934	99.082565	99.080795	81.225456	82.488831	81.553802	82.418007	81.585197	81.805054	99.99736	82.45282	100.0	82.429947	84.59346	82.188675	82.475586	82.512703	83.860329	82.532059	97.543777	82.502655	81.774826	84.710785	82.557449	82.509491	81.297455	82.56192	81.585724	82.398445
98.911057	82.660126	82.760353	88.76059	82.680771	82.597885	82.587662	83.383301	82.632996	83.877548	93.969177	83.889923	84.168472	82.449341	88.427422	82.429947	100.0	84.160835	84.699699	98.903824	88.32753	84.207932	88.500534	82.407364	88.489227	84.146561	83.710442	89.162109	88.709236	83.319305	88.703918	84.01931	88.744797
84.290115	85.527451	85.54361	84.240402	85.047401	85.037682	85.075745	82.685165	83.496155	82.778198	84.042999	82.719368	83.103378	84.62738	84.061501	84.59346	84.160835	100.0	83.013031	84.333611	84.225952	86.766785	84.099937	84.625793	84.175026	83.047302	88.93988	84.422394	84.259888	83.058853	84.267807	82.807037	84.128448
84.672302	82.268463	82.084946	84.424728	82.173737	82.179085	82.116531	82.098816	82.257637	82.308006	84.409706	82.389572	82.481636	82.15477	84.393921	82.188675	84.699699	83.013031	100.0	84.608826	84.378494	82.659027	84.452957	82.275101	84.353882	82.432945	82.929886	84.645683	84.443451	82.094063	84.460442	82.275162	84.512314
99.998596	82.506165	82.64698	88.845093	82.455841	82.404327	82.456985	83.288559	82.763573	83.876678	94.010849	83.893852	83.818878	82.441635	88.531677	82.475586	98.903824	84.333611	84.608826	100.0	88.357193	83.856812	88.572571	82.380951	88.580948	83.902298	83.929398	88.923843	88.777306	83.381226	88.787613	83.906944	88.919548
88.343307	82.506653	82.482536	91.6642	82.613174	82.479309	82.380859	83.837212	82.477119	83.754288	88.077339	83.701172	83.486633	82.486763	91.709122	82.512703	88.32753	84.225952	84.378494	88.357193	100.0	83.941589	91.614059	82.57962	91.748894	83.654999	83.849022	90.15937	91.708084	83.298973	91.715088	83.663208	89.769493
83.864418	84.58905	83.942223	83.885139	84.458466	84.338211	84.370834	82.759018	83.221329	82.567818	83.635208	82.574722	83.149445	83.881454	83.718994	83.860329	84.207932	86.766785	82.659027	83.856812	83.941589	100.0	83.779892	83.852936	83.792961	83.044678	86.173889	84.452637	83.884811	82.671692	83.885529	82.750603	83.752609
88.615089	82.464264	82.371078	95.234116	82.42189	82.527435	82.475281	83.427734	82.33609	83.719551	88.282928	83.6241	83.60067	82.507095	98.840805	82.532059	88.500534	84.099937	84.452957	88.572571	91.614059	83.779892	100.0	82.543999	96.069771	83.690575	83.6922	90.021225	95.220154	83.439529	95.182854	83.542648	89.522034
82.345421	99.734749	83.603943	82.58493	98.094742	97.54631	97.542877	81.256134	82.515656	81.598755	82.478668	81.553871	81.822449	97.548904	82.442589	97.543777	82.407364	84.625793	82.275101	82.380951	82.57962	83.852936	82.543999	100.0	82.526482	81.74823	84.693359	82.657791	82.565262	81.229172	82.571747	81.637054	82.522629
88.566505	82.502197	82.472778	95.100525	82.486267	82.444427	82.452911	83.410156	82.377502	83.612625	88.341705	83.570679	83.499588	82.493126	96.087036	82.502655	88.489227	84.175026	84.353882	88.580948	91.748894	83.792961	96.069771	82.526482	100.0	83.592621	83.737129	89.969582	95.096344	83.323395	95.098785	83.540665	89.581757
83.797363	81.965591	82.015465	83.668785	81.932083	81.873924	81.86084	82.367409	82.179741	82.883453	83.728882	82.864029	98.703415	81.774567	83.637451	81.774826	84.146561	83.047302	82.432945	83.902298	83.654999	83.044678	83.690575	81.74823	83.592621	100.0	82.579247	84.539566	83.670715	82.180511	83.705551	83.019791	83.872742
83.996994	85.330017	85.578766	83.767548	85.587906	85.329453	85.390076	82.494827	83.161469	82.354027	83.703438	82.352234	82.637085	84.74469	83.687019	84.710785	83.710442	88.93988	82.929886	83.929398	83.849022	86.173889	83.6922	84.693359	83.737129	82.579247	100.0	83.869812	83.728584	82.659981	83.758324	82.34639	83.783745
88.949707	82.718658	82.906265	90.207771	82.738419	82.67614	82.603592	83.661522	82.840347	84.064316	88.790215	83.998688	84.63253	82.576042	89.954346	82.557449	89.162109	84.422394	84.645683	88.923843	90.15937	84.452637	90.021225	82.657791	89.969582	84.539566	83.869812	100.0	90.165962	83.483154	90.196533	84.095337	93.745331
88.76535	82.628609	82.494217	99.998077	82.564919	82.414261	82.429871	83.483757	82.53949	83.892578	88.58252	83.807549	83.692787	82.539597	94.990082	82.509491	88.709236	84.259888	84.443451	88.777306	91.708084	83.884811	95.220154	82.565262	95.096344	83.670715	83.728584	90.165962	100.0	83.55423	99.996658	83.830673	89.784691
83.331177	81.215088	81.220001	83.53244	81.252563	81.261002	81.337212	95.194496	81.148933	82.750641	83.21727	82.834099	82.253036	81.264786	83.357712	81.297455	83.319305	83.058853	82.094063	83.381226	83.298973	82.671692	83.439529	81.229172	83.323395	82.180511	82.659981	83.483154	83.55423	100.0	83.583618	82.740181	83.340759
88.773193	82.61615	82.488312	99.995369	82.563629	82.442162	82.442581	83.488556	82.539635	83.907578	88.600067	83.827774	83.72908	82.548447	94.997169	82.56192	88.703918	84.267807	84.460442	88.787613	91.715088	83.885529	95.182854	82.571747	95.098785	83.705551	83.758324	90.196533	99.996658	83.583618	100.0	83.805511	89.759552
83.802094	82.235062	81.836258	83.797409	82.410385	82.105026	82.136444	83.056854	81.355682	99.292542	83.694038	99.22084	83.020996	81.566528	83.552673	81.585724	84.01931	82.807037	82.275162	83.906944	83.663208	82.750603	83.542648	81.637054	83.540665	83.019791	82.34639	84.095337	83.830673	82.740181	83.805511	100.0	83.866394
88.90963	82.508148	82.482971	89.813675	82.450851	82.41655	82.406517	83.223267	82.452049	83.869568	88.735085	83.856377	83.954681	82.403687	89.624268	82.398445	88.744797	84.128448	84.512314	88.919548	89.769493	83.752609	89.522034	82.522629	89.581757	83.872742	83.783745	93.745331	89.784691	83.340759	89.759552	83.866394	100.0
